id;name;jhi_date;location
1;mobile Fish;2019-06-04T20:53:32;Savings Account Dam
2;Practical Fresh Pants;2019-06-05T01:10:41;alarm
3;Tasty Metal Bacon;2019-06-04T17:04:47;Electronics
4;Soap methodology Albania;2019-06-05T05:14:17;intangible
5;enable Gorgeous Frozen Pants;2019-06-05T10:01:05;Licensed Savings Account
6;Cambridgeshire Mississippi;2019-06-05T14:29:23;Credit Card Account Table Small Frozen Sausages
7;South Dakota envisioneer Music;2019-06-05T10:03:48;Monitored Bahamian Dollar Investment Account
8;Games Regional Digitized;2019-06-04T23:42:15;hardware Costa Rica Mayotte
9;Industrial;2019-06-04T19:23:24;Views e-enable Communications
10;National Awesome sky blue;2019-06-05T14:31:09;software scale interactive
